{
  "photographers": [
    {
      "name": "Mimi Keel",
      "id": 243,
      "city": "London",
      "country": "UK",
      "tags": ["portrait", "events", "travel", "animals"],
      "tagline": "Voir le beau dans le quotidien",
      "price": 400,
      "portrait": "MimiKeel.jpg"
    },
    {
      "name": "Ellie-Rose Wilkens",
      "id": 930,
      "city": "Paris",
      "country": "France",
      "tags": ["sports", "architecture"],
      "tagline": "Capturer des compositions complexes",
      "price": 250,
      "portrait": "EllieRoseWilkens.jpg"
    },
    {
      "name": "Tracy Galindo",
      "id": 82,
      "city": "Montreal",
      "country": "Canada",
      "tags": ["art", "fashion", "events"],
      "tagline": "Photographe freelance",
      "price": 500,
      "portrait": "TracyGalindo.jpg"
    },
    {
      "name": "Nabeel Bradford",
      "id": 527,
      "city": "Mexico City",
      "country": "Mexico",
      "tags": ["travel", "portrait"],
      "tagline": "Toujours aller de l'avant",
      "price": 350,
      "portrait": "NabeelBradford.jpg"
    },
    {
      "name": "Rhode Dubois",
      "id": 925,
      "city": "Barcelona",
      "country": "Spain",
      "tags": ["sport", "fashion", "events", "animals"],
      "tagline": "Je crée des souvenirs",
      "price": 275,
      "portrait": "RhodeDubois.jpg"
    },
    {
      "name": "Marcel Nikolic",
      "id": 195,
      "city": "Berlin",
      "country": "Germany",
      "tags": ["travel", "architecture"],
      "tagline": "Toujours à la recherche de LA photo",
      "price": 300,
      "portrait": "MarcelNikolic.jpg"
    }
  ],
  "media": [
    {
      "id": 342550,
      "photographerId": 82,
      "title": "Fashion Yellow Beach",
      "image": "Fashion_Yellow_Beach.jpg",
      "tags": ["fashion"],
      "likes": 62,
      "date": "2011-12-08",
      "price": 55,
      "alt": "Femme en survêtement jaune, bottines blanches à talons, pose sur fond de ciel bleu"
    },
    {
      "id": 8520927,
      "photographerId": 82,
      "title": "Fashion Urban Jungle",
      "image": "Fashion_Urban_Jungle.jpg",
      "tags": ["fashion"],
      "likes": 11,
      "date": "2011-11-06",
      "price": 55,
      "alt": "Femme blonde en pantalon et haut imprimé jungle, pose accroupie au milieu de la route sur fond de gratte-ciels"
    },
    {
      "id": 9025895,
      "photographerId": 82,
      "title": "Fashion Pattern on a Pattern",
      "image": "Fashion_Pattern_on_Pattern.jpg",
      "tags": ["fashion"],
      "likes": 72,
      "date": "2013-08-12",
      "price": 55,
      "alt": "Femme brune en robe courte à rayures vericales noires et jaune, pose devant un mur en damier noir et blanc"
    },
    {
      "id": 9275938,
      "photographerId": 82,
      "title": "Wedding Gazebo",
      "image": "Event-_WeddingGazebo.jpg",
      "tags": ["events"],
      "likes": 69,
      "date": "2018-02-22",
      "price": 55,
      "alt": "Kiosque de marriage sur fond d'arbres"
    },
    {
      "id": 2053494,
      "photographerId": 82,
      "title": "Sparkles",
      "image": "Event_Sparklers.jpg",
      "tags": ["events"],
      "likes": 2,
      "date": "2020-05-25",
      "price": 55,
      "alt": "Un couple de dos face à des gens tenant des cierges magiques"
    },
    {
      "id": 7324238,
      "photographerId": 82,
      "title": "18th Anniversary",
      "image": "Event_18thAnniversary.jpg",
      "tags": ["events"],
      "likes": 33,
      "date": "2019-06-12",
      "price": 55,
      "alt": "Salle de récéption avec au premier plan un table dressée et plus loin des ballons en forme de dix huit"
    },
    {
      "id": 8328953,
      "photographerId": 82,
      "title": "Wooden Horse Sculpture",
      "video": "Art_Wooden_Horse_Sculpture.mp4",
      "tags": ["art"],
      "likes": 24,
      "date": "2011-12-08",
      "price": 100
    },
    {
      "id": 7502053,
      "photographerId": 82,
      "title": "Triangle Man",
      "image": "Art_Triangle_Man.jpg",
      "tags": ["art"],
      "likes": 88,
      "date": "2007-05-07",
      "price": 55,
      "alt": "Peinture stylisée d'un homme la tête en arrière sur un mur bleu"
    },
    {
      "id": 8523492,
      "photographerId": 82,
      "title": "Purple Tunnel",
      "image": "Art_Purple_light.jpg",
      "tags": ["art"],
      "likes": 24,
      "date": "2018-05-05",
      "price": 55,
      "alt": "Tunnel faiblement éclairé d'une lumiere pourpre avec des graphitis sur les murs"
    },
    {
      "id": 75902334,
      "photographerId": 82,
      "title": "Art Mine",
      "image": "Art_Mine.jpg",
      "tags": ["art"],
      "likes": 75,
      "date": "2019-11-25",
      "price": 55,
      "alt": "Peinture stylisée d'oiseaux rouges et bleus formant un pattern"
    },

    {
      "id": 73852953,
      "photographerId": 925,
      "title": "8 Rows",
      "image": "Sport_2000_with_8.jpg",
      "tags": ["sport"],
      "likes": 52,
      "date": "2013-02-30",
      "price": 70,
      "alt": "équipe d'aviron vue du dessus, eau noire"
    },
    {
      "id": 92758372,
      "photographerId": 925,
      "title": "Fashion Wings",
      "image": "Fashion_Wings.jpg",
      "tags": ["fashion"],
      "likes": 58,
      "date": "2018-07-17",
      "price": 70,
      "alt": "Une femme en combinaison bleu ciel les yeux fermés levant le bras gauche, derrière elle un homme les yeux fermés levant le bras droit"
    },
    {
      "id": 32958383,
      "photographerId": 925,
      "title": "Melody Red on Stripes",
      "image": "Fashion_Melody_Red_on_Stripes.jpg",
      "tags": ["fashion"],
      "likes": 11,
      "date": "2019-08-12",
      "price": 70,
      "alt": "Une femme descend des escaliers en robe rouge"
    },
    {
      "id": 928587383,
      "photographerId": 925,
      "title": "Venture Conference",
      "image": "Event_VentureConference.jpg",
      "tags": ["events"],
      "likes": 2,
      "date": "2019-01-02",
      "price": 70,
      "alt": "Réunion de bureau, ordinateur portable, tableau blanc et post-it"
    },
    {
      "id": 725639493,
      "photographerId": 925,
      "title": "Product Pitch",
      "image": "Event_ProductPitch.jpg",
      "tags": ["events"],
      "likes": 3,
      "date": "2019-05-20",
      "price": 70,
      "alt": "Un homme présente un produit à des personnes assises en face de lui"
    },
    {
      "id": 23394384,
      "photographerId": 925,
      "title": "Musical Festival Keyboard",
      "image": "Event_KeyboardCheck.jpg",
      "tags": ["events"],
      "likes": 52,
      "date": "2019-07-18",
      "price": 70,
      "alt": "Gros plan d'un femme sur scène assise derrière un piano électrique"
    },
    {
      "id": 87367293,
      "photographerId": 925,
      "title": "Musical Festival Singer",
      "image": "Event_Emcee.jpg",
      "tags": ["events"],
      "likes": 23,
      "date": "2018-02-22",
      "price": 70,
      "alt": "Chanteuse sur scène, micro dans la main et gilet à franges"
    },
    {
      "id": 593834784,
      "photographerId": 925,
      "title": "Animal Majesty",
      "image": "Animals_Majesty.jpg",
      "tags": ["animals"],
      "likes": 52,
      "date": "2017-03-13",
      "price": 70,
      "alt": "Jeune cerf à l'orée d'un bois"
    },
    {
      "id": 83958935,
      "photographerId": 925,
      "title": "Cute Puppy on Sunset",
      "video": "Animals_Puppiness.mp4",
      "tags": ["animals"],
      "likes": 52,
      "date": "2016-06-12",
      "price": 70
    },

    {
      "id": 394583434,
      "photographerId": 527,
      "title": "Rock Mountains",
      "video": "Travel_Rock_Mountains.mp4",
      "tags": ["travel"],
      "likes": 23,
      "date": "2017-03-18",
      "price": 45
    },
    {
      "id": 343423425,
      "photographerId": 527,
      "title": "Outdoor Baths",
      "image": "Travel_Outdoor_Baths.jpg",
      "tags": ["travel"],
      "likes": 101,
      "date": "2017-04-03",
      "price": 45,
      "alt": "Des gens qui se baigne dans une sources chaude"
    },
    {
      "id": 73434243,
      "photographerId": 527,
      "title": "Road into the Hill",
      "image": "Travel_Road_into_Hill.jpg",
      "tags": ["travel"],
      "likes": 99,
      "date": "2018-04-30",
      "price": 45,
      "alt": "Panorama de petites collines traversé par une route en lacets"
    },
    {
      "id": 23425523,
      "photographerId": 527,
      "title": "Bridge into the Forest",
      "image": "Travel_Bridge_into_Forest.jpg",
      "tags": ["travel"],
      "likes": 34,
      "date": "2016-04-05",
      "price": 45,
      "alt": "Vue d'une forêt depuis une petite passerelle"
    },
    {
      "id": 23134513,
      "photographerId": 527,
      "title": "Boat Wonderer",
      "image": "Travel_Boat_Wanderer.jpg",
      "tags": ["travel"],
      "likes": 23,
      "date": "2017-03-18",
      "price": 45,
      "alt": "Vues sur des montagnes depuis une barque au milieu d'une large rivière"
    },
    {
      "id": 92352352,
      "photographerId": 527,
      "title": "Portrait Sunkiss",
      "image": "Portrait_Sunkissed.jpg",
      "tags": ["portrait"],
      "likes": 66,
      "date": "2018-05-24",
      "price": 45,
      "alt": "Portrait d'une souriante jeune fille rousse, cheveux en chignons et rouge aux lèvres"
    },
    {
      "id": 34513453,
      "photographerId": 527,
      "title": "Shaw Potrait",
      "image": "Portrait_Shaw.jpg",
      "tags": ["portait"],
      "likes": 52,
      "date": "2017-04-21",
      "price": 45,
      "alt": "Portrait d'un homme, coupr afro, visage de trois quart sur fond noir"
    },
    {
      "id": 23523533,
      "photographerId": 527,
      "title": "Alexandra",
      "image": "Portrait_Alexandra.jpg",
      "tags": ["portait"],
      "likes": 95,
      "date": "2018-11-02",
      "price": 45,
      "alt": "Portrait d'une femme de face, cheveux et sourcils blanc sur fond blanc"
    },
    {
      "id": 525834234,
      "photographerId": 527,
      "title": "Afternoon Break",
      "image": "Portrait_AfternoonBreak.jpg",
      "tags": ["portait"],
      "likes": 25,
      "date": "2019-01-02",
      "price": 45,
      "alt": "Portrait d'un homme de face, cigarette à la main sur fond blanc"
    },

    {
      "id": 623534343,
      "photographerId": 243,
      "title": "Lonesome",
      "image": "Travel_Lonesome.jpg",
      "tags": ["travel"],
      "likes": 88,
      "date": "2019-02-03",
      "price": 45,
      "alt": "Panorama de montagne"
    },
    {
      "id": 625025343,
      "photographerId": 243,
      "title": "Hillside Color",
      "image": "Travel_HillsideColor.jpg",
      "tags": ["travel"],
      "likes": 85,
      "date": "2019-04-03",
      "price": 45,
      "alt": "Vue d'un village sur une falaise avec des maisons colorées"
    },
    {
      "id": 2525345343,
      "photographerId": 243,
      "title": "Wednesday Potrait",
      "image": "Portrait_Wednesday.jpg",
      "tags": ["portait"],
      "likes": 34,
      "date": "2019-04-07",
      "price": 45,
      "alt": "Portrait d'un enfant la tête posée sur ses mains"
    },
    {
      "id": 2523434634,
      "photographerId": 243,
      "title": "Nora Portrait",
      "image": "Portrait_Nora.jpg",
      "tags": ["portait"],
      "likes": 63,
      "date": "2019-04-07",
      "price": 45,
      "alt": "Portrait d'une jeune femme portant des lunettes sous des néons"
    },
    {
      "id": 398847109,
      "photographerId": 243,
      "title": "Raw Black Portrait",
      "image": "Portrait_Background.jpg",
      "tags": ["portait"],
      "likes": 55,
      "date": "2019-06-20",
      "price": 45,
      "alt": "Portrait de femme menton levé sur fond noir"
    },
    {
      "id": 2534342,
      "photographerId": 243,
      "title": "Seaside Wedding",
      "image": "Event_SeasideWedding.jpg",
      "tags": ["events"],
      "likes": 25,
      "date": "2019-06-21",
      "price": 45,
      "alt": "Table dressée sur la plage"
    },
    {
      "id": 65235234,
      "photographerId": 243,
      "title": "Boulder Wedding",
      "image": "Event_PintoWedding.jpg",
      "tags": ["events"],
      "likes": 52,
      "date": "2019-06-25",
      "price": 45,
      "alt": "Couple de mariés au milieu des rochers"
    },
    {
      "id": 23523434,
      "photographerId": 243,
      "title": "Benevides Wedding",
      "image": "Event_BenevidesWedding.jpg",
      "tags": ["events"],
      "likes": 77,
      "date": "2019-06-28",
      "price": 45,
      "alt": "Couple de marié sous la lumière des guirlandes"
    },
    {
      "id": 5234343,
      "photographerId": 243,
      "title": "Wild Horses in the Mountains",
      "video": "Animals_Wild_Horses_in_the_mountains.mp4",
      "tags": ["animals"],
      "likes": 142,
      "date": "2019-08-23",
      "price": 60
    },
    {
      "id": 95234343,
      "photographerId": 243,
      "title": "Rainbow Bird",
      "image": "Animals_Rainbow.jpg",
      "tags": ["animals"],
      "likes": 59,
      "date": "2019-07-02",
      "price": 60,
      "alt": "Petit oiseau coloré pourpre, bleu et jaune sur une branche"
    },

    {
      "id": 52343416,
      "photographerId": 195,
      "title": "Japanese Tower, Kyoto",
      "image": "Travel_Tower.jpg",
      "tags": ["travel"],
      "likes": 25,
      "date": "2019-04-03",
      "price": 60,
      "alt": "2 japonaises en kimono au milieu d'une rue pietone avec temple au fond"
    },
    {
      "id": 2523434,
      "photographerId": 195,
      "title": "Senset on Canals, Venice",
      "image": "Travel_SunsetonCanals.jpg",
      "tags": ["travel"],
      "likes": 53,
      "date": "2019-05-06",
      "price": 60,
      "alt": "couché de soleil sur un canal de venise"
    },
    {
      "id": 95293534,
      "photographerId": 195,
      "title": "Mountain and Lake",
      "image": "Travel_OpenMountain.jpg",
      "tags": ["travel"],
      "likes": 33,
      "date": "2019-05-12",
      "price": 60,
      "alt": "Vue sur un lac de montagne entouré de forêt"
    },
    {
      "id": 356234343,
      "photographerId": 195,
      "title": "City Bike and Stair, Paris",
      "image": "Travel_Bike_and_Stair.jpg",
      "tags": ["travel"],
      "likes": 53,
      "date": "2019-06-20",
      "price": 60,
      "alt": "Vélo au pied d'un escalier sur fond de lampadaire et d'immeuble parisien"
    },
    {
      "id": 235234343,
      "photographerId": 195,
      "title": "Adventure Door, India",
      "image": "Travel_Adventure_Door.jpg",
      "tags": ["travel"],
      "likes": 63,
      "date": "2019-06-26",
      "price": 60,
      "alt": "Mur en pierre avec des bas relief, ouvert sur un paysage"
    },
    {
      "id": 6234234343,
      "photographerId": 195,
      "title": "Contrast, St Petersburg",
      "image": "Architecture_Contrast.jpg",
      "tags": ["architecture"],
      "likes": 52,
      "date": "2019-06-30",
      "price": 60,
      "alt": "Vue sur les domes de batiment de style baroque"
    },
    {
      "id": 6525666253,
      "photographerId": 195,
      "title": "On a Hill, Tibet",
      "image": "Architecture_On_a_hill.jpg",
      "tags": ["architecture"],
      "likes": 63,
      "date": "2019-07-20",
      "price": 60,
      "alt": "Panorama de montagne avec un village escarpé en premier plan"
    },
    {
      "id": 98252523433,
      "photographerId": 195,
      "title": "Leaning Tower, Pisa",
      "image": "Architecture_Dome.jpg",
      "tags": ["architecture"],
      "likes": 88,
      "date": "2020-01-05",
      "price": 60,
      "alt": "La tour de pise"
    },
    {
      "id": 9259398453,
      "photographerId": 195,
      "title": "Circle Highways, Buenos Aires",
      "video": "Architecture_coverr_circle_empty_highway_in_buenos_aires_587740985637.mp4",
      "tags": ["architecture"],
      "likes": 57,
      "date": "2020-01-20",
      "price": 65
    },
    {
      "id": 3523523534,
      "photographerId": 195,
      "title": "Corner Building and Blue Sky",
      "image": "Architecture_Corner_Room.jpg",
      "tags": ["architecture"],
      "likes": 54,
      "date": "2020-05-05",
      "price": 60,
      "alt": "Haut d'un immeuble en coin"
    },

    {
      "id": 952343423,
      "photographerId": 930,
      "title": "Tricks in the Air",
      "video": "Sport_Tricks_in_the_air.mp4",
      "tags": ["sport"],
      "likes": 150,
      "date": "2018-02-30",
      "price": 70
    },
    {
      "id": 235234343,
      "photographerId": 930,
      "title": "Climber",
      "image": "Sport_Next_Hold.jpg",
      "tags": ["sport"],
      "likes": 101,
      "date": "2018-03-05",
      "price": 65,
      "alt": "Personne escaladant à main nue"
    },
    {
      "id": 235343222,
      "photographerId": 930,
      "title": "Surfer",
      "image": "sport_water_tunnel.jpg",
      "tags": ["sport"],
      "likes": 103,
      "date": "2018-03-10",
      "price": 70,
      "alt": "Surfeur dans le tube d'une vague"
    },
    {
      "id": 7775342343,
      "photographerId": 930,
      "title": "Skier",
      "image": "Sport_Sky_Cross.jpg",
      "tags": ["sport"],
      "likes": 77,
      "date": "2018-04-16",
      "price": 50,
      "alt": "Skieur en plein saut, les skis croisés. Vue en contre plongée sur fond de ciel bleu"
    },
    {
      "id": 9253445784,
      "photographerId": 930,
      "title": "Race End",
      "image": "Sport_Race_End.jpg",
      "tags": ["sport"],
      "likes": 88,
      "date": "2018-04-22",
      "price": 65,
      "alt": "Gros plan sur un groupe de coureuse, dans un stade, pendant une competition"
    },
    {
      "id": 22299394,
      "photographerId": 930,
      "title": "Jump!",
      "image": "Sport_Jump.jpg",
      "tags": ["sport"],
      "likes": 95,
      "date": "2018-04-27",
      "price": 70,
      "alt": "Skateur en plein saut, dans un skate park en bords de mer"
    },
    {
      "id": 3452342633,
      "photographerId": 930,
      "title": "White Light",
      "image": "Architecture_White_Light.jpg",
      "tags": ["architecture"],
      "likes": 52,
      "date": "2018-05-03",
      "price": 75,
      "alt": "Verriere blanche, vue de dessous"
    },
    {
      "id": 939234243,
      "photographerId": 930,
      "title": "Water on Modern Building",
      "image": "Architecture_Water_on_Modern.jpg",
      "tags": ["architecture"],
      "likes": 55,
      "date": "2018-05-10",
      "price": 72,
      "alt": "Architecture moderne, plan d'eau."
    },
    {
      "id": 222959233,
      "photographerId": 930,
      "title": "Horseshoe",
      "image": "Architecture_Horseshoe.jpg",
      "tags": ["architecture"],
      "likes": 85,
      "date": "2018-05-15",
      "price": 71,
      "alt": "Immeuble moderne de plusieurs étages, en forme de fer à cheval. Vue de dessous"
    },
    {
      "id": 965933434,
      "photographerId": 930,
      "title": "Cross Bar",
      "image": "Architecture_Cross_Bar.jpg",
      "tags": ["architecture"],
      "likes": 66,
      "date": "2018-05-20",
      "price": 58,
      "alt": "Grand immeuble moderne. Acier et verre grimpant vers le ciel. Vue de dessous"
    },
    {
      "id": 777723343,
      "photographerId": 930,
      "title": "Connected Curves",
      "image": "Architecture_Connected_Curves.jpg",
      "tags": ["architecture"],
      "likes": 79,
      "date": "2018-05-21",
      "price": 80,
      "alt": "Immeuble blanc moderne. Tout en courbe"
    }
  ]
}
